{
  "parent":"block/block",
  "textures":{
    "side":"block/sockdog/chiseled_bookshelf/0",
    "top":"block/sockdog/chiseled_bookshelf/1",
    "particle":"#top"
  },
  "elements":[
  {
    "from":[0,0,0],
    "to":[16,16,16],
    "faces":{
      "east":{"texture":"#side","cullface":"east"},
      "south":{"texture":"#side","cullface":"south"},
      "west":{"texture":"#side","cullface":"west"},
      "up":{"texture":"#top","cullface":"up"},
      "down":{"texture":"#top","cullface":"down"}
    }
  }
  ]
}
