{
  "loader":"fusion:model",
  "type":"connecting",
  "connections":{
  "pane":{
    "type":"is_same_block"
  },
  "edges":{
    "type":"match_state",
    "block":"minecraft:green_stained_glass_pane",
    "properties":{"south":"true","east":["false","true"],"north":["false","true"],"west":["false","true"],"waterlogged":["false","true"]}
  }
  },
  "parent":"minecraft:block/sockdog/pane_south_left",
  "textures":{
    "pane":"minecraft:block/sockdog/glass/6-0",
    "edge":"minecraft:block/sockdog/glass/6-1",
    "edges":"minecraft:block/sockdog/glass/6-2"
  }
}